athlete_full_name,age,deceased,height,city,state,medal_type,event_title
Alex FERREIRA,31,0,5.75,Aspen,CO,BRONZE,Men's Freeski Halfpipe
Alex FERREIRA,31,0,5.75,Aspen,CO,SILVER,Men’s Ski Halfpipe
Chloe KIM,25,0,5.25,Torrance,CA,GOLD,Women's Snowboard Halfpipe
Chloe KIM,25,0,5.25,Torrance,CA,GOLD,Ladies’ Halfpipe
Nick BAUMGARTNER,44,0,6.0,Iron River,MI,GOLD,Mixed Team Snowboard Cross
Ryan COCHRAN-SIEGLE,34,0,6.083333333333333,Starksboro,VT,SILVER,Men's Super-G
Erin JACKSON,33,0,5.416666666666667,Ocala,FL,GOLD,Women's 500m
Elana MEYERS TAYLOR,41,0,5.666666666666667,Douglasville,GA,SILVER,Women's Monobob
Elana MEYERS TAYLOR,41,0,5.666666666666667,Douglasville,GA,BRONZE,2-woman
Elana MEYERS TAYLOR,41,0,5.666666666666667,Douglasville,GA,SILVER,Women’s Bobsleigh
Elana MEYERS TAYLOR,41,0,5.666666666666667,Douglasville,GA,SILVER,two-woman women
Elana MEYERS TAYLOR,41,0,5.666666666666667,Douglasville,GA,BRONZE,two-woman women
Kaillie HUMPHRIES,40,0,,,,GOLD,Women's Monobob
Kaillie HUMPHRIES,40,0,,,,BRONZE,Women’s Bobsleigh
Kaillie HUMPHRIES,40,0,,,,GOLD,two-woman women
Kaillie HUMPHRIES,40,0,,,,GOLD,two-woman women
Sylvia HOFFMAN,36,0,5.666666666666667,Arlington,TX,BRONZE,2-woman
Brian BURROWS,38,0,5.916666666666667,Fallbrook,CA,BRONZE,Trap Mixed Team
Kayle BROWNING,33,0,5.5,Wooster,AR,SILVER,Trap women
Nevin HARRISON,23,0,5.75,Seattle,WA,GOLD,Women's Canoe Single 200m
Katie ZAFERES,36,0,5.666666666666667,Santa Cruz,CA,BRONZE,Women's Individual
Carissa MOORE,33,0,5.583333333333333,Honolulu,HI,GOLD,Women
Kyle Douglas DAKE,35,0,5.75,Cornell University,NY,BRONZE,Men's Freestyle 74kg
David Morris TAYLOR III,35,0,6.0,Graham,OH,GOLD,Men's Freestyle 86kg
Sarah Ann HILDEBRANDT,32,0,5.25,Granger,IN,BRONZE,Women's Freestyle 50kg
Adeline Maria GRAY,35,0,5.833333333333333,Denver,CO,SILVER,Women's Freestyle 76kg
Helen Louise MAROULIS,34,0,5.25,Rockville,MD,BRONZE,Women's Freestyle 57kg
Helen Louise MAROULIS,34,0,5.25,Rockville,MD,GOLD,Freestyle 53 kg women
Simone BILES,29,0,4.666666666666667,Spring,TX,BRONZE,Women's Balance Beam
Simone BILES,29,0,4.666666666666667,Spring,TX,GOLD,floor exercises women
Simone BILES,29,0,4.666666666666667,Spring,TX,BRONZE,balance beam women
Simone BILES,29,0,4.666666666666667,Spring,TX,GOLD,vault women
Simone BILES,29,0,4.666666666666667,Spring,TX,GOLD,individual all-round women
Xander SCHAUFFELE,32,0,5.833333333333333,San Diego,CA,GOLD,Men's Individual Stroke Play
Sarah ROBLES,37,0,,Desert Hot Springs,CA,BRONZE,Women's +87kg
Sarah ROBLES,37,0,,Desert Hot Springs,CA,BRONZE,+75kg women
Joe KOVACS,36,0,6.0,Bethlehem,PA,SILVER,Men's Shot Put
Joe KOVACS,36,0,6.0,Bethlehem,PA,SILVER,shot put men
Noah LYLES,28,0,5.916666666666667,Alexandria,VA,BRONZE,Men's 200m
Athing MU,23,0,5.833333333333333,Trenton,NJ,GOLD,Women's 800m
Raevyn ROGERS,29,0,5.75,Houston,TX,BRONZE,Women's 800m
Sydney MCLAUGHLIN,26,0,5.75,Dunellen,NJ,GOLD,Women's 400m Hurdles
Gabrielle THOMAS,29,0,5.833333333333333,Atlanta,GA,BRONZE,Women's 200m
Jay LITHERLAND,30,0,6.0,Athens,GA,SILVER,Men's 400m Individual Medley
Lilly KING,29,0,5.75,Evansville,IN,BRONZE,Women's 100m Breaststroke
Lilly KING,29,0,5.75,Evansville,IN,SILVER,Women's 200m Breaststroke
Lilly KING,29,0,5.75,Evansville,IN,GOLD,100m breaststroke women
Ryan MURPHY,30,0,6.25,Jacksonville,FL,BRONZE,Men's 100m Backstroke
Ryan MURPHY,30,0,6.25,Jacksonville,FL,SILVER,Men's 200m Backstroke
Ryan MURPHY,30,0,6.25,Jacksonville,FL,GOLD,200m backstroke men
Ryan MURPHY,30,0,6.25,Jacksonville,FL,GOLD,100m backstroke men
Kate DOUGLASS,24,0,5.833333333333333,Pelham,NY,BRONZE,Women's 200m Individual Medley
April ROSS,43,0,5.75,Costa Mesa,CA,GOLD,Women
April ROSS,43,0,5.75,Costa Mesa,CA,BRONZE,Beach volleyball women
April ROSS,43,0,5.75,Costa Mesa,CA,SILVER,Beach volleyball women
Shaun WHITE,39,0,5.75,Carlsbad,CA,GOLD,Men’s Halfpipe
Shaun WHITE,39,0,5.75,Carlsbad,CA,GOLD,Half-pipe men
Shaun WHITE,39,0,5.75,Carlsbad,CA,GOLD,Half-pipe men
Mikaela SHIFFRIN,31,0,5.583333333333333,Edwards,CO,SILVER,Ladies’ Alpine Combined
Mikaela SHIFFRIN,31,0,5.583333333333333,Edwards,CO,GOLD,Ladies’ Giant Slalom
Mikaela SHIFFRIN,31,0,5.583333333333333,Edwards,CO,GOLD,slalom women
Kikkan RANDALL,43,0,5.416666666666667,Anchorage,AK,GOLD,Ladies’ Team Sprint Free
Sarah HAMMER,42,0,5.583333333333333,Temecula,CA,SILVER,Omnium women
Sarah HAMMER,42,0,5.583333333333333,Temecula,CA,SILVER,Omnium women
Sam KENDRICKS,33,0,6.083333333333333,Oxford,MS,BRONZE,pole vault men
Brianna ROLLINS,34,0,5.416666666666667,Miami,FL,GOLD,100m hurdles women
Matthew CENTROWITZ,36,0,5.75,Arnold,MD,GOLD,1500m men
Tori BOWIE,32,1,5.75,Sandhill,MS,SILVER,100m women
Tori BOWIE,32,1,5.75,Sandhill,MS,BRONZE,200m women
Kerri WALSH JENNINGS,47,0,6.25,Saratoga,CA,BRONZE,Beach volleyball women
Kerri WALSH JENNINGS,47,0,6.25,Saratoga,CA,GOLD,Beach volleyball women
Kerri WALSH JENNINGS,47,0,6.25,Saratoga,CA,GOLD,Beach volleyball women
Kerri WALSH JENNINGS,47,0,6.25,Saratoga,CA,GOLD,Beach volleyball women
Brady ELLISON,37,0,6.0,Billings,MT,BRONZE,Individual competition men
Sam DORMAN,34,0,5.75,Tempe,AZ,SILVER,synchronized diving 3m springboard men
Kayla HARRISON,35,0,5.666666666666667,Middletown,OH,GOLD,70 - 78kg (half-heavyweight) women
Kayla HARRISON,35,0,5.666666666666667,Middletown,OH,GOLD,70  78kg halfheavyweight women
Travis STEVENS,40,0,5.916666666666667,Tacoma,WA,SILVER,73 - 81kg (half-middleweight) men
Jackie Galloway,30,0,5.833333333333333,Wylie,TX,BRONZE,+ 67 kg women
Kathleen BAKER,29,0,5.666666666666667,Winston Salem,NC,SILVER,100m backstroke women
Michael PHELPS,40,0,6.333333333333333,Towson,MD,GOLD,200m individual medley men
Michael PHELPS,40,0,6.333333333333333,Towson,MD,GOLD,200m butterfly men
Michael PHELPS,40,0,6.333333333333333,Towson,MD,SILVER,100m butterfly men
Michael PHELPS,40,0,6.333333333333333,Towson,MD,GOLD,100m butterfly men
Michael PHELPS,40,0,6.333333333333333,Towson,MD,GOLD,200m individual medley men
Michael PHELPS,40,0,6.333333333333333,Towson,MD,SILVER,200m butterfly men
Michael PHELPS,40,0,6.333333333333333,Towson,MD,GOLD,200m individual medley men
Michael PHELPS,40,0,6.333333333333333,Towson,MD,GOLD,100m butterfly men
Michael PHELPS,40,0,6.333333333333333,Towson,MD,GOLD,200m butterfly men
Michael PHELPS,40,0,6.333333333333333,Towson,MD,GOLD,400m individual medley men
Michael PHELPS,40,0,6.333333333333333,Towson,MD,GOLD,200m freestyle men
Michael PHELPS,40,0,6.333333333333333,Towson,MD,GOLD,200m butterfly men
Michael PHELPS,40,0,6.333333333333333,Towson,MD,GOLD,100m butterfly men
Michael PHELPS,40,0,6.333333333333333,Towson,MD,GOLD,400m individual medley men
Michael PHELPS,40,0,6.333333333333333,Towson,MD,BRONZE,200m freestyle men
Michael PHELPS,40,0,6.333333333333333,Towson,MD,GOLD,200m individual medley men
Katie MEILI,34,0,5.583333333333333,Colleyville,TX,BRONZE,100m breaststroke women
Cody MILLER,34,0,5.916666666666667,Las Vegas,NV,BRONZE,100m breaststroke men
Dana VOLLMER,38,0,6.083333333333333,Granbury,TX,BRONZE,100m butterfly women
Dana VOLLMER,38,0,6.083333333333333,Granbury,TX,GOLD,100m butterfly women
Anthony ERVIN,44,0,6.25,Valencia,CA,GOLD,50m freestyle men
Anthony ERVIN,44,0,6.25,Valencia,CA,GOLD,50m freestyle men
Nathan ADRIAN,37,0,6.5,Bremerton,WA,BRONZE,50m freestyle men
Nathan ADRIAN,37,0,6.5,Bremerton,WA,BRONZE,100m freestyle men
Nathan ADRIAN,37,0,6.5,Bremerton,WA,GOLD,100m freestyle men
Simone MANUEL,29,0,5.833333333333333,Sugar Land,TX,GOLD,100m freestyle women
Simone MANUEL,29,0,5.833333333333333,Sugar Land,TX,SILVER,50m freestyle women
Gwen JORGENSEN,39,0,5.833333333333333,St. Paul,MN,GOLD,Individual women
Steve JOHNSON,36,0,6.166666666666667,Orange,CA,BRONZE,doubles men
Bethanie MATTEK-SANDS,41,0,5.5,Phoenix,AZ,GOLD,mixed doubles mixed
Steven HOLCOMB,37,1,5.833333333333333,Park City,UT,SILVER,two-man men
Jamie GREUBEL POSER,42,0,5.75,Newtown,PA,BRONZE,two-woman women
Bode MILLER,48,0,6.166666666666667,Franconia,NH,BRONZE,super-G men
Bode MILLER,48,0,6.166666666666667,Franconia,NH,GOLD,alpin combined men
Bode MILLER,48,0,6.166666666666667,Franconia,NH,SILVER,super-G men
Bode MILLER,48,0,6.166666666666667,Franconia,NH,BRONZE,downhill men
Bode MILLER,48,0,6.166666666666667,Franconia,NH,SILVER,giant slalom men
Bode MILLER,48,0,6.166666666666667,Franconia,NH,SILVER,alpine combined men
Ted LIGETY,41,0,5.916666666666667,Park City,UT,GOLD,giant slalom men
Ted LIGETY,41,0,5.916666666666667,Park City,UT,GOLD,alpine combined men
Charlie WHITE,38,0,,Bloomfield Hills,MI,GOLD,Ice dancing mixed
Charlie WHITE,38,0,,Bloomfield Hills,MI,SILVER,Ice dancing mixed
Noelle PIKUS-PACE,43,0,5.833333333333333,Orem,UT,SILVER,Individual women
Maddie BOWMAN,32,0,5.083333333333333,South Lake Tahoe,CA,GOLD,Ski Halfpipe women
Hannah KEARNEY,40,0,,Norwich,VT,BRONZE,Moguls women
Hannah KEARNEY,40,0,,Norwich,VT,GOLD,Moguls women
Gus KENWORTHY,34,0,5.833333333333333,Telluride,CO,SILVER,Ski Slopestyle men
Missy FRANKLIN,30,0,6.166666666666667,Centennial,CO,GOLD,100m backstroke women
Missy FRANKLIN,30,0,6.166666666666667,Centennial,CO,GOLD,200m backstroke women
Tyler CLARY,37,0,,Riverside,CA,GOLD,200m backstroke men
Rebecca SONI,39,0,,,,SILVER,100m breaststroke women
Rebecca SONI,39,0,,,,GOLD,200m breaststroke women
Rebecca SONI,39,0,,,,SILVER,100m breaststroke women
Rebecca SONI,39,0,,,,GOLD,200m breaststroke women
Brendan HANSEN,44,0,,,,BRONZE,100m breaststroke men
Brendan HANSEN,44,0,,,,SILVER,100m breaststroke men
Brendan HANSEN,44,0,,,,BRONZE,200m breaststroke men
Nick THOMAN,40,0,,Cincinnati,OH,SILVER,100m backstroke men
Cullen JONES,42,0,,Irvington,NY,SILVER,50m freestyle men
Peter VANDERKAAY,42,0,,Rochester,NY,BRONZE,400m freestyle men
Peter VANDERKAAY,42,0,,Rochester,NY,BRONZE,200m freestyle men
Reese HOFFA,48,0,,Athens,GA,BRONZE,shot put men
Carmelita JETER,46,0,,Gardena,CA,SILVER,100m women
Carmelita JETER,46,0,,Gardena,CA,BRONZE,200m women
Janay DELOACH,40,0,5.416666666666667,Fort Collins,CO,BRONZE,long jump women
DeeDee TROTTER,43,0,,Cedar Grove,FL,BRONZE,400m women
Jason RICHARDSON,40,0,,,,SILVER,110m hurdles men
Lashinda DEMUS,43,0,,Long Beach,CA,SILVER,400m hurdles women
Brigetta BARRETT,35,0,,,,SILVER,high jump women
Jordan Ernest BURROUGHS,37,0,5.75,Sicklerville,NJ,GOLD,Freestyle 74 kg men
Haley ANDERSON,34,0,5.833333333333333,Granite Bay,CA,SILVER,Marathon - 10 km women
Lisa RAYMOND,52,0,,Wayne,MI,BRONZE,mixed doubles mixed
Mike BRYAN,47,0,6.25,Wesley Chapel,FL,BRONZE,mixed doubles mixed
Mike BRYAN,47,0,6.25,Wesley Chapel,FL,GOLD,doubles men
Mike BRYAN,47,0,6.25,Wesley Chapel,FL,BRONZE,doubles men
Bob BRYAN,47,0,6.333333333333333,Wesley Chapel,FL,GOLD,doubles men
Bob BRYAN,47,0,6.333333333333333,Wesley Chapel,FL,BRONZE,doubles men
Jennifer KESSY,48,0,6.0,San Juan Capistrano,CA,SILVER,Beach volleyball women
Bryon WILSON,38,0,,Butte,MT,BRONZE,Moguls men
Shannon BAHRKE,45,0,5.333333333333333,,,BRONZE,Moguls women
Shannon BAHRKE,45,0,5.333333333333333,,,SILVER,Moguls women
Jeret PETERSON,29,1,5.75,Boise,ID,SILVER,Aerials men
Erin PAC,45,0,5.583333333333333,Farmington,NM,BRONZE,two-woman women
Johnny SPILLANE,45,0,,Steamboat Springs,CO,SILVER,Individual men
Johnny SPILLANE,45,0,,Steamboat Springs,CO,SILVER,Individual sprint men
Seth WESCOTT,49,0,,Sugarloaf,CO,GOLD,Snowboard Cross men
Seth WESCOTT,49,0,,Sugarloaf,CO,GOLD,Snowboard Cross men
Jill KINTNER,44,0,5.583333333333333,Seattle,WA,BRONZE,Individual women
Mark LOPEZ,43,0,6.0,Sugar Land,TX,SILVER,58 - 68 kg men
Diana LOPEZ,42,0,5.833333333333333,Sugar Land,TX,BRONZE,49 - 57 kg women
Henry CEJUDO,39,0,5.333333333333333,Colorado Springs,CO,GOLD,"Featherweight, Freestyle (≤55 kilograms) Men"
Adam WHEELER,45,0,6.25,Lancaster,PA,BRONZE,"Heavyweight, Greco-Roman (≤96 kilograms) Men"
Hyleas FOUNTAIN,45,0,5.583333333333333,Harrisburg,PA,SILVER,heptathlon women
David PAYNE,43,0,6.083333333333333,Cincinnati,OH,SILVER,110m hurdles men
Bryan CLAY,46,0,5.916666666666667,Glendora,CA,GOLD,decathlon men
Bryan CLAY,46,0,5.916666666666667,Glendora,CA,SILVER,decathlon men
Christian CANTWELL,45,0,,Eldon,MO,SILVER,shot put men
Shawn CRAWFORD,48,0,5.916666666666667,Van Wyck,SC,SILVER,200m men
Shawn CRAWFORD,48,0,5.916666666666667,Van Wyck,SC,GOLD,200m men
Walter DIX,40,0,,Tallahassee,FL,BRONZE,200m men
Walter DIX,40,0,,Tallahassee,FL,BRONZE,100m men
Jeremy WARINER,42,0,,Grand Prairie,TX,SILVER,400m men
Jeremy WARINER,42,0,,Grand Prairie,TX,GOLD,400m men
Derek MILES,53,0,,Jonesboro,AR,BRONZE,pole vault men
Chaunte HOWARD,41,0,5.75,Atlanta,GA,BRONZE,high jump women
Sheena TOSTA,43,0,5.416666666666667,Camden,NJ,SILVER,400m hurdles women
Angelo TAYLOR,47,0,,Decatur,IL,GOLD,400m hurdles men
Angelo TAYLOR,47,0,,Decatur,IL,GOLD,400m hurdles men
Beezie MADDEN,62,0,5.5,Cazenovia,NY,BRONZE,individual mixed
Gina MILES,52,0,5.25,Creston,IA,SILVER,individual mixed
Anna TUNNICLIFFE,43,0,5.5,Perrysburg,OH,GOLD,Laser Radial - One Person Dinghy women
Zach RAILEY,41,0,,Clearwater,FL,SILVER,Finn - Heavyweight Dinghy mixed
Jason TURNER,51,0,6.0,Rochester,NY,BRONZE,10m air pistol 60 shots men
Todd ROGERS,52,0,6.166666666666667,Santa Barbara,CA,GOLD,Beach volleyball men
Natalie COUGHLIN,43,0,,Vallejo,CA,GOLD,100m backstroke women
Natalie COUGHLIN,43,0,,Vallejo,CA,BRONZE,200m individual medley women
Natalie COUGHLIN,43,0,,Vallejo,CA,BRONZE,100m freestyle women
Natalie COUGHLIN,43,0,,Vallejo,CA,BRONZE,100m freestyle women
Natalie COUGHLIN,43,0,,Vallejo,CA,GOLD,100m backstroke women
Margaret HOELZER,43,0,,Huntsville,AL,BRONZE,100m backstroke women
Margaret HOELZER,43,0,,Huntsville,AL,SILVER,200m backstroke women
Katie HOFF,36,0,5.666666666666667,Towson,MD,SILVER,400m freestyle women
Katie HOFF,36,0,5.666666666666667,Towson,MD,BRONZE,400m individual medley women
Christine MAGNUSON,40,0,,Tinley Park,IL,SILVER,100m butterfly women
Jason LEZAK,50,0,,Irvine,CA,BRONZE,100m freestyle men
Larsen JENSEN,40,0,,Bakersfield,CA,BRONZE,400m freestyle men
Larsen JENSEN,40,0,,Bakersfield,CA,SILVER,1500m freestyle men
Shawn JOHNSON,34,0,,West Des Moines,IA,SILVER,floor exercises women
Shawn JOHNSON,34,0,,West Des Moines,IA,GOLD,balance beam women
Shawn JOHNSON,34,0,,West Des Moines,IA,SILVER,individual all-round women
Sasha COHEN,41,0,5.166666666666667,Newport Beach,CA,SILVER,Individual women
Shauna ROHBOCK,49,0,,Orem,UT,SILVER,two-woman women
Valerie FLEMING,49,0,,Park City,UT,SILVER,two-woman women
Terrence TRAMMELL,47,0,6.166666666666667,Decatur,IL,SILVER,110m hurdles men
Terrence TRAMMELL,47,0,6.166666666666667,Decatur,IL,SILVER,110m hurdles men
Adam NELSON,50,0,6.0,Atlanta,GA,GOLD,shot put men
Adam NELSON,50,0,6.0,Atlanta,GA,SILVER,shot put men
Derrick BREW,48,0,6.083333333333333,Springs,NY,BRONZE,400m men
Timothy MACK,53,0,6.166666666666667,Knoxville,TN,GOLD,pole vault men
Deena KASTOR,53,0,5.333333333333333,Mammoth Lakes,CA,BRONZE,marathon women
Dwight PHILLIPS,48,0,5.916666666666667,,,GOLD,long jump men
John MOFFITT,45,0,6.083333333333333,Baton Rouge,LA,SILVER,long jump men
Joanna HAYES,49,0,5.5,Riverside,CA,GOLD,100m hurdles women
Patricia MIRANDA,46,0,5.0,New Haven,CT,BRONZE,"Flyweight, Freestyle (≤48 kilograms) Women"
Ian CROCKER,43,0,,Austin,TX,SILVER,100m butterfly men
Erik VENDT,45,0,,,,SILVER,400m individual medley men
Erik VENDT,45,0,,,,SILVER,400m individual medley men
Klete KELLER,44,0,,Phoenix,AZ,BRONZE,400m freestyle men
Klete KELLER,44,0,,Phoenix,AZ,BRONZE,400m freestyle men
Amanda BEARD,44,0,5.666666666666667,Irvine,CA,SILVER,200m individual medley women
Amanda BEARD,44,0,5.666666666666667,Irvine,CA,GOLD,200m breaststroke women
Amanda BEARD,44,0,5.666666666666667,Irvine,CA,BRONZE,200m breaststroke women
Amanda BEARD,44,0,5.666666666666667,Irvine,CA,SILVER,200m breaststroke women
Amanda BEARD,44,0,5.666666666666667,Irvine,CA,SILVER,100m breaststroke women
Kaitlin SANDENO,43,0,5.5,Lake Forest,CA,BRONZE,400m freestyle women
Kaitlin SANDENO,43,0,5.5,Lake Forest,CA,SILVER,400m individual medley women
Kaitlin SANDENO,43,0,5.5,Lake Forest,CA,BRONZE,800m freestyle women
Paul HAMM,43,0,5.416666666666667,Waukesha,WI,GOLD,individual all-round men
Paul HAMM,43,0,5.416666666666667,Waukesha,WI,SILVER,horizontal bar men
Holly MCPEAK,56,0,5.583333333333333,Manhattan Beach,CA,BRONZE,Beach volleyball women
Elaine YOUNGS,56,0,6.0,El Toro,CA,BRONZE,Beach volleyball women
Brian MARTIN,52,0,5.666666666666667,Palo Alto,CA,SILVER,Doubles mixed
Brian MARTIN,52,0,5.666666666666667,Palo Alto,CA,BRONZE,Doubles mixed
Mark GRIMMETTE,55,0,6.0,Muskegon,MI,SILVER,Doubles mixed
Mark GRIMMETTE,55,0,6.0,Muskegon,MI,BRONZE,Doubles mixed
Chris KLUG,53,0,6.25,Aspen,CO,BRONZE,Giant parallel slalom men
Vonetta FLOWERS,52,0,5.583333333333333,Birmingham,AL,GOLD,two-woman women
Dain BLANTON,54,0,6.25,Laguna Beach,CA,GOLD,Beach volleyball men
Stacy DRAGILA,55,0,5.583333333333333,Auburn,AL,GOLD,pole vault women
Nick HYSONG,54,0,6.083333333333333,Winslow,AZ,GOLD,pole vault men
Lawrence JOHNSON,51,0,6.083333333333333,Knoxville,TN,SILVER,pole vault men
Mark CREAR,57,0,6.083333333333333,San Francisco,CA,BRONZE,110m hurdles men
Mark CREAR,57,0,6.083333333333333,San Francisco,CA,SILVER,110m hurdles men
Allen JOHNSON,55,0,5.833333333333333,Irmo,SC,GOLD,110m hurdles men
James Patrick MCEWAN,73,0,,Lakeville,MN,BRONZE,C1 canoe single men
John Hamann NUNN,48,0,6.166666666666667,San Diego,CA,BRONZE,double sculls 2x men
Lynn Alfred III WILLIAMS,32,0,5.583333333333333,Fresno,CA,SILVER,twoperson keelboat open Star mixed
Marcia Ingram JONES-SMOKE,84,0,5.5,Oklahoma City,OK,BRONZE,K1 500m kayak single women
Walter Francis DAVIS,46,0,6.166666666666667,Arnaudville,LA,GOLD,high jump men
William NELSON,41,0,5.5,Bakersfield,CA,BRONZE,"Flyweight, Freestyle (≤115 pounds) Men"
