,eigenvector_centrality,betweenness_centrality
100m backstroke women,0.1565363644368486,0.18643570170287727
200m backstroke women,0.004812885888657596,0.0
pole vault women,0.0026290762404305554,0.0
two-woman women,0.004756686104734025,0.07639459776864357
Trap women,4.684705772551258e-05,0.0
pole vault men,0.004031553267162616,0.014327657075748679
400m freestyle men,0.0948386875421312,0.15049193515429576
mixed doubles mixed,0.014699001761104679,0.06730699326119177
synchronized diving 3m springboard men,0.001464792472661452,0.0
+75kg women,0.09484862494225015,0.003095463941030588
100m breaststroke women,0.12724934171839744,0.20651986690154628
100m freestyle men,0.09799739521977797,0.0027575556172150426
100m freestyle women,0.0977696456691885,0.01480309473263085
100m hurdles women,0.15966798864381318,0.021984732824427464
100m women,0.12535443291726994,0.0
110m hurdles men,0.21453471918430747,0.066858485026424
1500m freestyle men,0.12530830060252726,0.0
200m backstroke men,0.15966798864381318,0.021984732824427464
200m breaststroke women,0.33503188786471844,0.0
200m individual medley women,0.2129357889795348,0.0
200m women,0.0948796162350091,0.027640384669157414
400m freestyle women,0.09652120466502172,0.04130254947636037
400m hurdles women,0.125532880674711,0.02254844392248974
400m individual medley women,0.12659511569995313,0.043225680172245054
50m freestyle men,0.15488179342362524,0.00750496323015407
800m freestyle women,0.09484862494225015,0.003095463941030588
Beach volleyball men,0.15530676710379898,0.0
Beach volleyball women,0.33503188786471844,0.0
Doubles mixed,0.21431530992373415,0.0
"Flyweight, Freestyle (≤115 pounds) Men",0.09484862494225015,0.003095463941030588
Half-pipe men,0.15530676710379898,0.0
Individual women,0.12509164276122686,0.14098984984481172
Marathon - 10 km women,0.1253083006025273,0.0
Men’s Halfpipe,0.15530676710379898,0.0
Omnium women,0.1253083006025273,0.0
Ski Halfpipe women,0.15530676710379898,0.0
Women,0.15530676710379898,0.0
decathlon men,0.26559119458907887,0.0
double sculls 2x men,0.09484862494225013,0.003095463941030588
doubles men,0.10536772781215849,0.01383342044528187
marathon women,0.09484862494225013,0.003095463941030588
twoperson keelboat open Star mixed,0.1253083006025273,0.0
Ladies’ Halfpipe,0.15530676710379898,0.0
Men's Individual Stroke Play,0.15530676710379898,0.0
Trap Mixed Team,0.09484862494225013,0.003095463941030588
Women's +87kg,0.09484862494225013,0.003095463941030588
Women's Individual,0.09484862494225013,0.003095463941030588
Women's Snowboard Halfpipe,0.15530676710379898,0.0
"Featherweight, Freestyle (≤55 kilograms) Men",0.00467308853171166,0.0
Giant parallel slalom men,0.003109427689263089,0.0
Individual men,0.0038972227756987254,0.0
Individual sprint men,0.0038972227756987254,0.0
Snowboard Cross men,0.00467308853171166,0.0
long jump women,0.003109427689263089,0.0
Ladies’ Alpine Combined,0.0038972227756987245,0.0
Ladies’ Giant Slalom,0.00467308853171166,0.0
Ski Slopestyle men,0.0038972227756987245,0.0
slalom women,0.00467308853171166,0.0
Men's Freeski Halfpipe,0.003109427689263089,0.0
Men’s Ski Halfpipe,0.0038972227756987254,0.0
Women's Freestyle 76kg,0.0038972227756987254,0.0
100m backstroke men,0.016822605637378803,0.009630064591896652
100m men,0.008495925035122552,1.6777116013757234e-05
200m men,0.017566386372385716,1.6777116013757234e-05
400m women,0.008495925035122552,1.6777116013757234e-05
Finn - Heavyweight Dinghy mixed,0.010870717740447029,0.0
Men's 100m Backstroke,0.008495925035122552,1.6777116013757234e-05
Men's 200m Backstroke,0.010870717740447029,0.0
Women's 500m,0.013209552517733217,0.0
2-woman,0.004059909412697382,0.07178508514386377
Men's 400m Individual Medley,0.00019655528405105574,0.0
Women's 200m,0.00013980710680115346,0.0
Women’s Bobsleigh,0.00019655528405105574,0.0
high jump women,0.00013980710680115346,0.0
shot put men,0.0002364596194447682,0.0
Women's Monobob,0.00019655528405105574,0.0
balance beam women,0.004010453072509059,0.0009493051477784301
individual all-round women,0.00658908514273847,0.0
floor exercises women,0.00658908514273847,0.0
individual mixed,0.003075342702233869,0.006067723624975533
100m butterfly women,0.01326357916794909,0.002877275396359366
400m hurdles men,0.0044118760220628675,0.0
Women's 100m Breaststroke,0.002016384804633251,0.0
Women's 200m Breaststroke,0.0025113386297077977,0.0
Women's Freestyle 50kg,0.002016384804633251,0.0
long jump men,6.967224508040954e-18,0.0
high jump men,6.967224508040954e-18,0.0
100m butterfly men,0.01453373733915635,0.0
200m freestyle men,0.011331014889545412,0.0
400m individual medley men,0.005761164960540109,0.0
1500m men,0.005761164960540109,0.0
200m butterfly men,0.009788546441804123,0.0
200m individual medley men,0.005761164960540109,0.0
Freestyle 53 kg women,0.005761164960540109,0.0
Women's Freestyle 57kg,0.003382900811573168,0.0002896848698375416
Ice dancing mixed,0.014034029892044065,0.0
Mixed Team Snowboard Cross,0.008296802563503838,0.0
C1 canoe single men,0.0019381091460400118,0.0
Individual competition men,6.803930183633748e-21,0.0
Moguls men,6.803930183633748e-21,0.0
alpin combined men,0.0001077683440154099,0.0
alpine combined men,0.0026235089201727384,0.020963006459189665
downhill men,6.549368855935566e-05,0.00011743981209630065
giant slalom men,0.0026235089201727384,0.020963006459189665
super-G men,0.00014729175527429666,0.0
Freestyle 74 kg men,0.002643421534514212,0.0
Women's 400m Hurdles,0.002643421534514212,0.0
Women's 800m,0.006485763012014955,0.0057251908396946565
10m air pistol 60 shots men,0.0027954736714370866,0.0
400m men,0.013683470030128451,0.0
Men's Freestyle 74kg,0.0027954736714370866,0.0
Women's 200m Individual Medley,0.0027954736714370866,0.0
Laser Radial - One Person Dinghy women,0.004816483953385528,0.0
70  78kg halfheavyweight women,0.004816483953385528,0.0
70 - 78kg (half-heavyweight) women,0.004816483953385528,0.0
Men's Freestyle 86kg,0.004816483953385528,0.0
"Heavyweight, Greco-Roman (≤96 kilograms) Men",4.100840650712631e-05,0.0
heptathlon women,6.036082451655875e-05,0.0
Men's Shot Put,6.036082451655875e-05,0.0
+ 67 kg women,0.003951333708232032,8.807985907222549e-05
49 - 57 kg women,0.003951333708232032,8.807985907222549e-05
50m freestyle women,0.0052568094777951276,0.0
58 - 68 kg men,0.0052568094777951276,0.0
Women's Balance Beam,0.003951333708232032,8.807985907222549e-05
vault women,0.006542506383354603,0.0
two-man men,0.002113430803335503,0.0
Men's Super-G,4.017652734133892e-16,0.0
Moguls women,4.017652734133892e-16,0.0
73 - 81kg (half-middleweight) men,0.00644992335877024,0.0
Women's Canoe Single 200m,0.008258503662964769,0.0
individual all-round men,6.967224508040954e-18,0.0
horizontal bar men,6.967224508040954e-18,0.0
